category,item,value
status,status,VALID
base_tracking,cmd_vx,0.0
base_tracking,window_start_s,204.72073769569397
base_tracking,window_end_s,523.6854572296143
base_tracking,unpaused_start_s,204.72073769569397
base_tracking,unpaused_end_s,523.6854572296143
base_tracking,paused_fraction,0.39092922311887945
base_tracking,vx_mean,3.1591374118445366e-05
base_tracking,vx_std,0.015027724435840103
base_tracking,vx_rmse,0.015027757641593255
base_tracking,height_mean,0.861159040859425
base_tracking,height_std,0.012344422503757675
base_tracking,height_rmse,0.012344422503757675
base_tracking,fall_frac,0.0
base_tracking,height_nominal,0.8660935741850193
base_tracking,rtf,0.889261062229462
contact_timing,L.foot,L
contact_timing,L.duty_planned,0.7313002397405162
contact_timing,L.duty_actual,0.7319348469891411
contact_timing,L.agree_pct,98.2329713721619
contact_timing,L.switch_err_ms,14.251533731237634
contact_timing,L.n_switch_planned,385
contact_timing,L.n_switch_actual,457
contact_timing,R.foot,R
contact_timing,R.duty_planned,0.7307784515583133
contact_timing,R.duty_actual,0.7303271752926245
contact_timing,R.agree_pct,98.187843745593
contact_timing,R.switch_err_ms,14.124874623945958
contact_timing,R.n_switch_planned,386
contact_timing,R.n_switch_actual,522
contact_point,LTOE.duty_actual,0.7319348469891411
contact_point,RTOE.duty_actual,0.7303271752926245
contact_point,LHEEL.duty_actual,0.7319348469891411
contact_point,RHEEL.duty_actual,0.7303271752926245
torque_tracking,joint0.rms,11.008210952587783
torque_tracking,joint0.max,278.94210052490234
torque_tracking,joint1.rms,1.807853160444759
torque_tracking,joint1.max,83.89817070960999
torque_tracking,joint2.rms,5.936035479942796
torque_tracking,joint2.max,321.2995035648346
torque_tracking,joint3.rms,6.828358042252918
torque_tracking,joint3.max,393.81895446777344
torque_tracking,joint4.rms,4.357046691546102
torque_tracking,joint4.max,243.8277702331543
torque_tracking,joint5.rms,2.3147654905786865
torque_tracking,joint5.max,207.24467658996582
torque_tracking,joint6.rms,11.60020926373174
torque_tracking,joint6.max,289.0803680419922
torque_tracking,joint7.rms,3.057928414652682
torque_tracking,joint7.max,118.53008127212524
torque_tracking,joint8.rms,6.744260783668656
torque_tracking,joint8.max,319.59027349948883
torque_tracking,joint9.rms,9.595846455833502
torque_tracking,joint9.max,395.3390579223633
torque_tracking,joint10.rms,7.478210605814343
torque_tracking,joint10.max,245.22739219665527
torque_tracking,joint11.rms,2.8416203032025074
torque_tracking,joint11.max,214.03718242049217
torque_tracking,rms_total,6.929006488628379
torque_tracking,max_abs,395.3390579223633
joint_tracking,joint0.rms,0.003486729874618234
joint_tracking,joint0.max,0.04035650193691254
joint_tracking,joint1.rms,0.0019940125646938215
joint_tracking,joint1.max,0.03687749616801739
joint_tracking,joint2.rms,0.003949898279613506
joint_tracking,joint2.max,0.026048094034194946
joint_tracking,joint3.rms,0.008879965907093381
joint_tracking,joint3.max,0.06993478536605835
joint_tracking,joint4.rms,0.01364479981481275
joint_tracking,joint4.max,0.12698689103126526
joint_tracking,joint5.rms,0.0034371469694155776
joint_tracking,joint5.max,0.27737829461693764
joint_tracking,joint6.rms,0.003614678522241628
joint_tracking,joint6.max,0.03926213085651398
joint_tracking,joint7.rms,0.00212427357441817
joint_tracking,joint7.max,0.03958550188690424
joint_tracking,joint8.rms,0.003946591762936562
joint_tracking,joint8.max,0.031045079231262207
joint_tracking,joint9.rms,0.00897824231697886
joint_tracking,joint9.max,0.09525758028030396
joint_tracking,joint10.rms,0.013949332769654158
joint_tracking,joint10.max,0.1550712287425995
joint_tracking,joint11.rms,0.003614031315429694
joint_tracking,joint11.max,0.27728787809610367
joint_tracking,rms_total,0.007245638753096278
joint_tracking,max_abs,0.27737829461693764
solve_time,mpc.mean,2.7426845846051973
solve_time,mpc.p95,3.1759990499999997
solve_time,mpc.p99,3.46443993
solve_time,mpc.max,5.89405
solve_time,mpc.budget_ms,10.0
solve_time,mpc.over_budget_pct,0.0
solve_time,wbc.mean,0.21373103478019817
solve_time,wbc.p95,0.32469859999999995
solve_time,wbc.p99,0.35037176
solve_time,wbc.max,1.639922
solve_time,wbc.budget_ms,2.0
solve_time,wbc.over_budget_pct,0.0
